id,release_date,original_title,title
360920,2018-11-08,The Grinch,The Grinch
420818,2019-07-12,The Lion King,The Lion King
156022,2014-09-24,The Equalizer,The Equalizer
321612,2017-03-16,Beauty and the Beast,Beauty and the Beast
281957,2015-12-25,The Revenant,The Revenant
474350,2019-09-04,It Chapter Two,It Chapter Two
331482,2019-12-25,Little Women,Little Women
937278,2022-12-28,A Man Called Otto,A Man Called Otto
762430,2023-08-23,Retribution,Retribution
124905,2014-05-14,Godzilla,Godzilla
763285,2022-03-16,Ambulance,Ambulance
420808,2023-04-20,Peter Pan & Wendy,Peter Pan & Wendy
278927,2016-04-07,The Jungle Book,The Jungle Book
257088,2015-12-03,Point Break,Point Break
329996,2019-03-27,Dumbo,Dumbo
818397,2022-04-28,Memory,Memory
505026,2022-02-09,Death on the Nile,Death on the Nile
776503,2021-08-13,CODA,CODA
333484,2016-09-14,The Magnificent Seven,The Magnificent Seven
332562,2018-10-03,A Star Is Born,A Star Is Born
637920,2019-10-10,7. Koğuştaki Mucize,Miracle in Cell No. 7
27582,2011-01-13,The Mechanic,The Mechanic
65754,2011-12-14,The Girl with the Dragon Tattoo,The Girl with the Dragon Tattoo
364689,2017-12-09,Ferdinand,Ferdinand
392044,2017-11-03,Murder on the Orient Express,Murder on the Orient Express
23437,2010-04-30,A Nightmare on Elm Street,A Nightmare on Elm Street
375794,2016-09-02,No Manches Frida,No Manches Frida
338970,2018-03-05,Tomb Raider,Tomb Raider
395990,2018-03-02,Death Wish,Death Wish
265208,2015-01-14,Wild Card,Wild Card
812037,2023-09-13,L'été dernier,Last Summer
571891,2019-07-12,ミュウツーの逆襲 EVOLUTION,Pokémon the Movie: Mewtwo Strikes Back - Evolution
668482,2022-11-25,Roald Dahl's Matilda the Musical,Roald Dahl's Matilda the Musical
43947,2010-06-17,I Spit on Your Grave,I Spit on Your Grave
97020,2014-01-30,RoboCop,RoboCop
203801,2015-08-13,The Man from U.N.C.L.E.,The Man from U.N.C.L.E.
654739,2021-06-23,발신제한,Hard Hit
810171,2022-05-11,The Valet,The Valet
575604,2020-11-27,콜,The Call
37430,2011-08-17,Conan the Barbarian,Conan the Barbarian
133805,2013-10-16,Carrie,Carrie
218043,2014-10-03,Left Behind,Left Behind
64635,2012-08-02,Total Recall,Total Recall
928381,2022-02-25,Sans répit,Restless
830764,2023-09-23,Pet Sematary: Bloodlines,Pet Sematary: Bloodlines
282035,2017-06-06,The Mummy,The Mummy
338947,2022-09-28,Hellraiser,Hellraiser
433498,2017-09-07,Papillon,Papillon
361292,2018-10-26,Suspiria,Suspiria
60747,2012-03-15,Red Dawn,Red Dawn
157433,2019-04-04,Pet Sematary,Pet Sematary
243688,2015-05-20,Poltergeist,Poltergeist
768726,2021-06-25,D'Artacán y los tres mosqueperros,Dogtanian and the Three Muskehounds
271969,2016-08-17,Ben-Hur,Ben-Hur
347626,2021-08-27,He's All That,He's All That
440472,2019-01-10,The Upside,The Upside
342878,2015-06-24,Un moment d'égarement,One Wild Moment
668742,2020-07-29,Padre no hay más que uno 2: la llegada de la suegra,Father There Is Only One 2
401469,2018-11-06,Widows,Widows
399019,2017-06-23,The Beguiled,The Beguiled
87516,2013-11-14,Oldboy,Oldboy
226857,2014-02-12,Endless Love,Endless Love
461130,2019-12-06,Code 8,Code 8
68730,2016-12-22,Silence,Silence
294272,2016-08-10,Pete's Dragon,Pete's Dragon
485415,2017-12-29,Day of the Dead: Bloodline,Day of the Dead: Bloodline
454619,2018-04-13,Overboard,Overboard
64639,2011-09-16,Straw Dogs,Straw Dogs
29427,2010-02-26,The Crazies,The Crazies
567748,2021-09-24,The Guilty,The Guilty
505953,2019-01-17,Storm Boy,Storm Boy
518963,2018-05-22,독전,Believer
449562,2019-05-09,The Hustle,The Hustle
360606,2016-06-24,Adventures in Babysitting,Adventures in Babysitting
499028,2018-03-14,지금 만나러 갑니다,Be with You
7978,2010-02-10,The Wolfman,The Wolfman
691683,2022-03-18,Cheaper by the Dozen,Cheaper by the Dozen
814800,2022-09-16,Goodnight Mommy,Goodnight Mommy
400710,2017-09-28,Flatliners,Flatliners
760099,2022-11-04,Living,Living
58151,2011-08-18,Fright Night,Fright Night
740441,2023-02-17,스마트폰을 떨어뜨렸을 뿐인데,Unlocked
593655,2020-12-04,Castle Freak,Castle Freak
146239,2013-10-10,Delivery Man,Delivery Man
65086,2012-02-03,The Woman in Black,The Woman in Black
532814,2018-09-09,The Bad Seed,The Bad Seed
28211,2010-02-25,Chloe,Chloe
366672,2022-07-14,Paws of Fury: The Legend of Hank,Paws of Fury: The Legend of Hank
829358,2021-06-11,Queen of Spades,Queen of Spades
467012,2017-09-28,Pengabdi Setan,Satan's Slaves
68817,2011-10-06,Footloose,Footloose
352173,2015-07-30,दृश्यम्,Drishyam
884434,2023-02-17,शहज़ादा,Shehzada
407451,2018-03-08,A Wrinkle in Time,A Wrinkle in Time
617882,2023-03-15,소울메이트,Soulmate
533642,2019-06-19,Child's Play,Child's Play
611468,2019-06-29,Kidnapping Stella,Kidnapping Stella
444902,2017-05-24,Dirty Dancing,Dirty Dancing
34803,2010-04-15,Death at a Funeral,Death at a Funeral
76812,2017-05-26,Black Butterfly,Black Butterfly
487476,2018-10-17,Le Jeu,Nothing to Hide
103620,2012-12-26,Maniac,Maniac
413998,2017-06-08,My Cousin Rachel,My Cousin Rachel
661231,2022-04-01,Operation Mincemeat,Operation Mincemeat
366514,2016-05-04,Un homme à la hauteur,Up for Love
62728,2010-09-13,Brighton Rock,Brighton Rock
122293,2012-07-27,The Philadelphia Experiment,The Philadelphia Experiment
500852,2019-02-01,Miss Bala,Miss Bala
456154,2018-03-28,Croc-Blanc,White Fang
1109534,2023-08-24,The Dive,The Dive
491473,2019-03-07,Gloria Bell,Gloria Bell
137227,2011-03-05,映画ドラえもん 新・のび太と鉄人兵団 ～はばたけ 天使たち～,Doraemon: Nobita and the New Steel Troops: Winged Angels
401905,2018-05-12,Fahrenheit 451,Fahrenheit 451
382591,2016-12-07,Demain tout commence,Two Is a Family
384756,2019-12-13,Rabid,Rabid
401544,2017-01-17,Death Race 2050,Death Race 2050
433251,2017-08-11,Naked,Naked
89636,2010-11-11,ドラゴンボール 超サイヤ人絶滅計画,Dragon Ball Z: Plan to Eradicate the Super Saiyans
102632,2012-06-01,Rowdy Rathore,Rowdy Rathore
551808,2019-12-11,Black Christmas,Black Christmas
334394,2015-12-31,Baskın: Karabasan,Baskin
541560,2018-05-05,The Wind,The Wind
46261,2010-11-06,Don't Be Afraid of the Dark,Don't Be Afraid of the Dark
536396,2019-09-06,Blackbird,Blackbird
242042,2014-02-02,Barefoot,Barefoot
792678,2021-10-22,CUBE 一度入ったら、最後,Cube
210908,2013-10-31,All Cheerleaders Die,All Cheerleaders Die
818543,2021-09-27,Slumber Party Massacre,Slumber Party Massacre
527385,2019-08-09,After the Wedding,After the Wedding
539649,2018-09-13,The Lie,The Lie
505379,2020-10-16,Rebecca,Rebecca
767377,2021-11-19,धमाका,Dhamaka
515741,2019-08-15,Angel of Mine,Angel of Mine
783461,2022-02-04,लूप लपेटा,Looop Lapeta
330298,2015-08-05,La Dame dans l'auto avec des lunettes et un fusil,The Lady in the Car with Glasses and a Gun
362057,2015-10-09,Martyrs,Martyrs
45202,2010-05-13,하녀,The Housemaid
365995,2016-02-14,Inside,Inside
448677,2018-11-30,Head Full of Honey,Head Full of Honey
27646,2011-10-28,Night of the Demons,Night of the Demons
33107,2010-02-25,And Soon the Darkness,And Soon the Darkness
421928,2016-10-13,럭키,Luck-Key
44982,2010-03-12,13,13
531503,2019-07-12,Point Blank,Point Blank
298584,2016-02-12,Cabin Fever,Cabin Fever
44147,2010-06-17,Wild Target,Wild Target
384345,2016-03-05,映画ドラえもん 新・のび太の日本誕生,Doraemon: Nobita and the Birth of Japan
222899,2014-02-14,About Last Night,About Last Night
601635,2022-08-11,लाल सिंह चड्ढा,Laal Singh Chaddha
994751,2023-04-07,Aaahh Belinda,Oh Belinda
608085,2019-12-13,ぼくらの7日間戦争,Seven Days War
605735,2020-02-19,10 jours sans maman,10 Days with Dad
49012,2011-04-08,Arthur,Arthur
730047,2021-04-14,Cyrano,Cyrano
575659,2020-06-25,Berlin Alexanderplatz,Berlin Alexanderplatz
602301,2020-12-10,조제,Josée
755437,2021-12-17,Mamá o papá,You Keep the Kids
279992,2014-08-24,Lost Soul: The Doomed Journey of Richard Stanley's Island of Dr. Moreau,Lost Soul: The Doomed Journey of Richard Stanley's Island of Dr. Moreau
109099,2013-02-13,Passion,Passion
489927,2018-09-23,The Kindergarten Teacher,The Kindergarten Teacher
73582,2011-08-31,Bodyguard,Bodyguard
101669,2010-09-23,Mother's Day,Mother's Day
865498,2022-10-19,Le Nouveau Jouet,The New Toy
577328,2019-06-20,कबीर सिंह,Kabir Singh
574370,2019-04-12,Lo dejo cuando quiera,I Can Quit Whenever I Want
127884,2012-10-09,Come Out and Play,Come Out and Play
92182,2011-01-21,Silent House,Silent House
456529,2019-08-23,Jacob's Ladder,Jacob's Ladder
482273,2020-05-08,Valley Girl,Valley Girl
800823,2021-07-08,A todo tren: destino Asturias,The Kids Are Alright: Destination Asturias
277934,2014-03-14,Sadece Sen,Only You
852592,2022-06-15,Centauro,Centauro
548352,2018-10-31,완벽한 타인,Intimate Strangers
397520,2016-02-15,Anne of Green Gables,Anne of Green Gables
659994,2020-10-15,Rams,Rams
280690,2014-07-25,Kick,Kick
1053419,2022-12-20,Reviviendo la Navidad,A Not So Merry Christmas
56180,2010-08-25,La casa muda,The Silent House
667869,2020-11-03,La vita davanti a sé,The Life Ahead
965606,2023-03-30,भोला,Bholaa
58959,2010-09-16,무적자,A Better Tomorrow
377448,2016-10-20,The Rocky Horror Picture Show: Let's Do the Time Warp Again,The Rocky Horror Picture Show: Let's Do the Time Warp Again
199578,2013-10-15,Patrick,Patrick
575754,2019-06-26,비스트,The Beast
215180,2012-08-25,ワンピースエピソード・オブ・ナミ～航海士の涙と仲間の絆～,One Piece Episode of Nami: Tears of a Navigator and the Bonds of Friends
800085,2023-01-27,Lobo Feroz,Ferocious Wolf
74945,2011-09-21,La Nouvelle Guerre des boutons,War of the Buttons
454417,2017-09-25,Unhinged,Unhinged
159128,2013-09-27,We Are What We Are,We Are What We Are
364902,2015-10-31,The Dresser,The Dresser
228355,2013-10-16,Boss,Boss
695958,2021-02-26,द गर्ल ऑन द ट्रेन,The Girl on the Train
429698,2017-02-02,Pork Pie,Pork Pie
883768,2022-06-03,機動戦士ガンダム ククルス・ドアンの島,Mobile Suit Gundam: Cucuruz Doan's Island
437078,2017-11-02,침묵,Heart Blackened
602463,2021-08-18,인질,Hostage: Missing Celebrity
200823,2013-10-30,Fonzy,Fonzy
135718,2012-09-28,ओएमजी - ओ माय गॉड!,OMG: Oh My God!
509467,2018-03-07,사라진 밤,The Vanished
167449,2012-12-20,血滴子,The Guillotines
427989,2016-12-15,Poveri ma ricchi,Poor but Rich
399747,2016-06-18,"Mother, May I Sleep with Danger?","Mother, May I Sleep with Danger?"
84858,2012-01-25,अग्निपथ,Agneepath
962489,2022-11-16,동감,Ditto
274804,2014-05-30,MONSTERZ モンスターズ,Monsterz
366656,2015-11-12,La guerre des tuques 3D,Snowtime!
679018,2022-04-22,जर्सी,Jersey
450274,2017-06-10,22年目の告白 ―私が殺人犯です―,Memoirs of a Murderer
359538,2016-04-06,Le Fantôme de Canterville,The Canterville Ghost
612882,2019-11-01,De dødes tjern,Lake of Death
574894,2019-01-10,“大”人物,The Big Shot
554493,2018-11-30,比悲傷更悲傷的故事,More Than Blue
948190,2022-04-29,Nghề Siêu Dễ,Extremely Easy Job
555561,2018-12-13,Il testimone invisibile,The Invisible Witness
578789,2019-02-14,蓝色生死恋,Autumn Fairy Tale
553350,2018-11-08,여곡성,The Wrath
908397,2022-11-04,मिली,Mili
301730,2014-12-04,Elimination Game,Elimination Game
535657,2018-09-13,U Turn,U Turn
605193,2020-02-12,정직한 후보,Honest Candidate
413882,2017-01-12,ओके जानू,Ok Jaanu
91073,2011-02-17,만추,Late Autumn
141819,2013-09-13,許されざる者,Unforgiven
614179,2020-12-25,Coolie No. 1,Coolie No. 1
926130,2023-02-24,सेल्फी,Selfiee
505015,2018-03-02,Sin rodeos,Empowered
513399,2018-07-04,Re loca,Super Crazy
376873,2016-03-25,रॉकी हैंडसम,Rocky Handsome
1084412,2023-03-02,Kembang Api,Fireworks
755045,2022-12-23,सर्कस,Cirkus
637250,2023-02-02,Savage Vengeance,Savage Vengeance
633182,2020-01-09,Freies Land,Free Country
1203484,2023-11-29,Monster,Monster
115446,2012-11-14,Divorce Invitation,Divorce Invitation
956757,2022-09-02,कठपुतली,Cuttputlli
638240,2019-12-25,Miracle in Cell No. 7,Miracle in Cell No. 7
63448,2011-01-14,சிறுத்தை,Siruthai
573987,2018-05-05,劇場版 仮面ライダーアマゾンズ Season1 覚醒,Kamen Rider Amazons Season 1 the Movie: Awakening
603673,2020-11-09,लक्ष्मी,Laxmii
430642,2017-01-21,Beaches,Beaches
252738,2013-10-12,おしん,Oshin
974025,2023-04-07,गुमराह,Gumraah
833591,2022-01-20,أصحاب... ولا أعزّ,Perfect Strangers
276699,2014-09-24,Bloedlink,Reckless
851783,2022-09-30,विक्रम वेधा,Vikram Vedha
665042,2022-09-08,Miracle in Cell No. 7,Miracle in Cell No. 7
802324,2021-10-28,Una notte da dottore,Doctor on Call
330421,2015-07-03,பாபநாசம்,Papanasam
426258,2018-01-05,The Strange Ones,The Strange Ones
417501,2016-10-28,Child Eater,Child Eater
557648,2019-01-27,Rent,Rent
1021792,2023-02-24,தக்ஸ்,Thugs
217414,2013-11-15,¿Quién mató a Bambi?,Who Killed Bambi?
481533,2018-04-16,When Jeff Tried to Save the World,When Jeff Tried to Save the World
44972,2010-09-03,वी आर फैमिली,We Are Family
445650,2016-12-09,Sen Benim Her Şeyimsin,You're Everything To Me
517065,2018-08-31,SUNNY 強い気持ち・強い愛,Sunny: Our Hearts Beat Together
338969,2023-09-21,The Toxic Avenger,The Toxic Avenger
327476,2015-02-25,Luokkakokous,Reunion
433605,2016-12-30,情圣,Some Like It Hot
648316,2019-12-13,The Body,The Body
173603,2013-02-27,Skytten,The Shooter
581104,2019-05-11,அயோக்யா,Ayogya
974604,2022-10-21,Terror Train,Terror Train
127894,2012-10-03,Do Not Disturb,Do Not Disturb
301274,2015-01-15,重返20岁,20 Once Again
83382,2012-01-06,Players,Players
545471,2018-11-30,Swingers,Swingers
516052,2019-09-27,銀河英雄伝説 Die Neue These 星乱 第一章,The Legend of the Galactic Heroes: Die Neue These Seiran 1
391766,2016-06-10,Do Lafzon Ki Kahani,Do Lafzon Ki Kahani
69775,2011-07-07,मर्डर 2,Murder 2
451634,2016-04-21,Cracking the Shakespeare Code,Cracking the Shakespeare Code
1032412,2022-12-16,Snow Day,Snow Day
144206,2010-12-24,Whistle and I'll Come to You,Whistle and I'll Come to You
58723,2011-01-15,காவலன்,Kaavalan
168114,2013-02-14,मर्डर 3,Murder 3
1014390,2023-06-09,Bloody Daddy,Bloody Daddy
570657,2019-02-14,Громкая связь,Loudspeaker
1122978,2023-06-28,Why Do You Love Me,Why Do You Love Me
371425,2016-02-04,பெங்களூர் நாட்கள்,Bangalore Naatkal
699361,2020-10-23,Tiệc Trăng Máu,Blood Moon Party
607091,2019-07-04,ఓ! బేబీ,Oh! Baby
532163,2018-07-13,7 Splinters in Time,7 Splinters in Time
586291,2019-08-08,நேர்கொண்ட பார்வை,Nerkonda Paarvai
227213,2012-09-15,Gila!,Gila!
467117,2018-05-17,பாஸ்கர் ஒரு ராஸ்கல்,Bhaskar Oru Rascal
472686,2017-10-06,Dementia 13,Dementia 13
814972,2022-10-20,Perfect Strangers,Perfect Strangers
894693,2022-06-23,My Sassy Girl,My Sassy Girl
864221,2023-08-10,భోళా శంకర్,Bhola Shankar
711643,2021-11-26,छोरी,Chhorii
666564,2021-07-20,నారప్ప,Narappa
318941,2015-01-15,டார்லிங்,Darling
702550,2020-12-11,दुर्गमती - एक कल्पना,Durgamati: The Myth
797109,2023-10-17,말할 수 없는 비밀,Secret: Untold Melody
751858,2021-01-08,மாறா,Maara
356895,2016-10-07,37,37
215347,2011-01-28,ഇതു നമ്മുടെ കഥ,Ithu Nammude Katha
534953,2018-11-16,காற்றின் மொழி,Kaatrin Mozhi
494491,2018-05-01,Não se Aceitam Devoluções,Não se Aceitam Devoluções
673732,2021-04-09,వకీల్ సాబ్,Vakeel Saab
811704,2023-05-11,Hello Ghost,Hello Ghost
963861,2023-04-29,Da grandi,Da grandi
927602,2022-06-17,வீட்ல விசேஷம்,Veetla Vishesham
669696,2021-12-03,तड़प,Tadap
396488,2016-05-06,ट्रैफिक,Traffic
918427,2022-03-04,銀河英雄伝説 Die Neue These 激突 第⼀章,The Legend of the Galactic Heroes: Die Neue These Collision 1
608782,2019-03-28,砂の器,Castle of Sand
516671,2018-08-22,Miss Granny,Miss Granny
394310,2016-04-01,あやしい彼女,Sing My Life
321377,2015-02-18,Plan 9,Plan 9
462743,2016-11-24,20 ใหม่ ยูเทิร์นวัย หัวใจรีเทิร์น,Suddenly Twenty
386084,2015-12-11,Em Là Bà Nội Của Anh,Sweet 20
523030,2020-10-06,வர்மா,Varmaa
267931,2014-12-12,Hidden in the Woods,Hidden in the Woods
847732,2023-04-28,U-Turn,U-Turn
328370,2014-06-20,ದೃಶ್ಯ,Drishya
334383,2015-05-08,36 Vayadhinile,36 Vayadhinile
622934,2019-09-27,(Nie)znajomi,(Nie)znajomi
263428,2014-05-01,நீ எங்கே என் அன்பே,Anaamika
680673,2021-07-28,Luokkakokous 3 – Sinkkuristeily,Reunion 3: Singles Cruise
1151317,2023-10-31,Spider Baby,Spider Baby
879950,2021-10-08,El asfalto,El asfalto
531723,2018-07-14,കൂടെ,Koode
640559,2019-10-18,రాజు గారి గది 3,Raju Gari Gadhi 3
513389,2020-01-09,Cosas de hombres,Cosas de hombres
632131,2019-10-25,Täydellinen joulu,Täydellinen joulu
460580,2017-06-25,Sweet 20,Sweet 20
86719,2012-01-14,బాడీగార్డ్,Bodyguard
384675,2016-02-19,Klassikokkutulek,Class Reunion
423525,2016-11-02,Luokkakokous 2 – Polttarit,Reunion 2: The Bachelor Party
456715,2017-05-04,Se busca novio… para mi mujer,Se busca novio… para mi mujer
492470,2018-02-21,Norske byggeklosser,Opportunity Knocks
103680,2012-03-03,Will You Marry Me?,Will You Marry Me?
375801,2016-12-02,Qué pena tu vida,Que pena tu vida
449627,2022-11-04,तड़का,Tadka
573409,2019-01-11,വിജയ് സൂപ്പറും പൗര്‍ണമിയും,Vijay Superum Pournamiyum
578153,2019-01-22,Klassikokkutulek 3: Ristiisad,Class Reunion 3: Godfathers
412326,2017-01-15,ఖైదీ నెం.150,Khaidi No. 150
279450,2014-07-11,దృశ్యం,Drushyam
850837,2022-12-09,Blurr,Blurr
566491,2018-12-06,Búék,Búék
270781,2014-06-06,உன் சமையலறையில்,Un Samayal Arayil
931853,2022-11-25,Agent கண்ணாயிரம்,Agent Kannayiram
266309,2014-04-25,என்னமோ ஏதோ,Yennamo Yedho
181268,2013-03-28,சென்னையில் ஓரு நாள்,Chennaiyil Oru Naal
635686,2019-10-25,銀河英雄伝説 Die Neue These 星乱 第2章,The Legend of the Galactic Heroes: Die Neue These Seiran 2
933699,2023-11-10,ரெய்டு,Raid
295154,2014-10-24,Night of the Living Dead,Night of the Living Dead
649719,2020-02-19,Se mieletön remppa,The Renovation
568026,2018-12-14,Johnny,Johnny
401027,2015-02-06,Gaddam Gang,Gaddam Gang
370822,2015-12-02,Angela Markado,Angela Markado
265321,2014-04-10,Jirón de niebla,A Shred Of Mist
341453,2015-02-27,നമസ്തേ ബാലി,Namasthe Bali
503658,2017-12-12,The Invisible Man,The Invisible Man
341450,2015-04-25,ഇവൻ മര്യാദരാമൻ,Ivan Maryadaraman
171384,2012-10-23,దేనికైనా రేడీ,Dhenikaina Ready
335205,2013-11-01,Sorry I Love You,Sorry I Love You
879951,2021-10-09,El doble,El doble
66503,2022-11-11,ರಾಅನಾ,Raana
492339,2017-10-21,ആകാശമിഠായി,Aakasha Mittayee
784940,2022-07-29,गुड लक जैरी,Good Luck Jerry
495726,2017-12-23,Elf: The Musical,Elf: The Musical
295814,2014-10-01,যোদ্ধা,Yoddha
635684,2019-11-29,銀河英雄伝説 Die Neue These 星乱 第3章,The Legend of the Galactic Heroes: Die Neue These Seiran 3
607645,2013-03-28,Dil Mera Dhadkan Teri,Dil Mera Dhadkan Teri
855444,2010-08-23,バチアタリ暴力人間,Cursed Violent People
539811,2018-08-31,60 வயது மாநிறம்,60 Vayadhu Maaniram
990798,2023-05-24,Hirttämättömät,The Unhanged
899000,2022-05-20,శేఖర్,Shekar
521875,2015-09-11,পারবো না আমি ছাড়তে তোকে,Parbona Ami Chartey Tokey
515653,2017-10-09,Sange i solen,Songs in the Sun
947052,2022-10-28,Kulkuset kulkuset,Kulkuset kulkuset
459458,2017-05-26,Careful,Careful
774412,2020-12-08,Zerrissen - Zwischen zwei Müttern,Zerrissen - Zwischen zwei Müttern
214522,2012-02-10,ഉന്നം,Unnam
450836,2017-04-20,Voor Elkaar Gemaakt,Voor Elkaar Gemaakt
624565,2021-12-24,தள்ளிப் போகாதே,Thalli Pogathey
879954,2021-10-09,La broma,La broma
344711,2014-08-22,నీజతగా నేనుండాలి,Nee Jathaga Nenundali
607244,2020-03-03,Cannibal Hookers,Cannibal Hookers
350485,2015-07-15,Our Sister Mambo,Our Sister Mambo
327904,2014-12-19,ആമയും മുയലും,Aamayum Muyalum
397858,2012-04-01,Say It Ain't Solo,Say It Ain't Solo
942411,2023-11-17,Mrs.,Mrs.
425695,2016-11-04,Naruda Donoruda,Naruda Donoruda
505551,2018-02-16,Klassikokkutulek 2: Pulmad ja matused,Class Reunion 2: A Wedding and a Funeral
137364,2011-08-26,మనీ మనీ మోర్ మనీ,Money Money More Money
473190,2017-04-23,Salaviinanpolttajat,Moonshiners
528940,2018-04-27,100 ngày bên em,100 Days of Sunshine
251635,2014-01-24,மாலினி 22 பாளையங்கோட்டை,Malini 22 Palayamkottai
1119937,2022-12-28,Geri Dönənlər,The Returners
833422,2021-07-30,ఇష్క్,Ishq
864531,2014-03-07,ಚಂದ್ರಲೇಖಾ,Chandralekha
341034,2013-12-11,A tiro limpio,A tiro limpio
453538,2011-03-11,Guard Dog Global Jam,Guard Dog Global Jam
1220158,2023-06-21,Deadly Display,Deadly Display
879953,2021-10-08,Freddy,Freddy
360833,2016-01-29,Boogeyman: Reincarnation,Boogeyman: Reincarnation
787862,2021-02-12,Sweded Film Festival for Creative Re-Creations,Sweded Film Festival for Creative Re-Creations
1308683,2020-01-01,산이 우는 날,The Day the Mountain Cried
1329396,2013-01-12,Live Action Toy Story,Live Action Toy Story
647937,2017-03-31,Manasu Malligey,Manasu Malligey
648284,2019-11-13,Hole In My Soul (Remake Amador),Hole In My Soul (Remake Amador)
281614,2012-02-03,రామదండు,Ramadandu
429038,2015-11-05,And How Godmilow Expanded It,And How Godmilow Expanded It
527165,2018-02-03,金沢シャッターガール,Kanazawa Shutter Girl
